<?xml version="1.0" encoding="UTF-8"?>
<faces-config version="2.1" xmlns="http://java.sun.com/xml/ns/javaee"
 xmlns:xi="http://www.w3.org/2001/XInclude"
 xmlns:xsi="http://www.w3.org/2001/XMLSchema-instance" xsi:schemaLocation="http://java.sun.com/xml/ns/javaee http://java.sun.com/xml/ns/javaee/web-facesconfig_2_1.xsd">
 <managed-bean>
  <managed-bean-name>investisorRegistration</managed-bean-name>
  <managed-bean-class>jboss.as.bond.market.mb.controller.InvestisorRegistration</managed-bean-class>
  <managed-bean-scope>request</managed-bean-scope>
  <managed-property>
   <property-name>inv</property-name>
   <property-class>jboss.as.bond.market.model.Investisor</property-class>
   <value/>
  </managed-property>
 </managed-bean>
</faces-config>
